,team_depth_1,score_depth_1,team_depth_2,score_depth_2,team_depth_3,score_depth_3,team_depth_4,score_depth_4,team_depth_5,score_depth_5,team_depth_6,score_depth_6,team_depth_7,score_depth_7,team_depth_8,score_depth_8,team_depth_9,score_depth_9,team_depth_10,score_depth_10
0, UCF,1.0000000000000002, UCF,1.4954969273151089, UCF,1.6758449795242523, UCF,1.7423876023147786, Alabama,1.767765494899724, Alabama,1.7786955219957492, Alabama,1.7823684826555513, Alabama,1.783570971100346, Alabama,1.7839560910478405, Alabama,1.7840773587778884
1, Wisconsin,0.9285714285714283, Alabama,1.4301980071210842, Alabama,1.649748683120115, Alabama,1.7361851492733769, UCF,1.7655252345305144, UCF,1.7731494179406655, UCF,1.7756270721881346, UCF,1.7764139767119098, UCF,1.7766596236773984, UCF,1.7767355308872785
2, Alabama,0.9230769230769229, Wisconsin,1.3755827505827494, Wisconsin,1.5531877047361649, Georgia,1.6205809936374849, Georgia,1.6491522494061612, Georgia,1.6590553084355208, Georgia,1.6623723730681967, Georgia,1.6634553518959494, Georgia,1.66380211951127, Georgia,1.6639114105338118
3, Ohio_St,0.8571428571428569, Georgia,1.3307692307692296, Georgia,1.5408908433945983, Wisconsin,1.6176723209253001, Clemson,1.6411851347108208, Clemson,1.6517986844424344, Clemson,1.6553684188723405, Clemson,1.6565305201425096, Clemson,1.6568996573820238, Clemson,1.6570145935791607
4, Georgia,0.8571428571428569, Ohio_St,1.3244434137291268, Clemson,1.527370623369809, Clemson,1.6107387106469102, Wisconsin,1.640001620507136, Wisconsin,1.6474973256258034, Wisconsin,1.649947121519153, Wisconsin,1.6507324913521553, Wisconsin,1.6509805068294232, Wisconsin,1.6510578183474858
5, Oklahoma,0.846153846153846, Clemson,1.3183342298726903, Ohio_St,1.515529356313576, Ohio_St,1.5851061983595673, Ohio_St,1.6094147913723924, Ohio_St,1.6175978311454025, Ohio_St,1.6202694008431635, Ohio_St,1.6211255095309312, Ohio_St,1.6213959890180787, Ohio_St,1.621480519463572
6, Penn_St,0.846153846153846, Penn_St,1.2686480186480196, Penn_St,1.4271588864784113, Penn_St,1.4859535728955093, Penn_St,1.5062556625014343, Penn_St,1.513054929651018, Penn_St,1.515273046797425, Penn_St,1.5159831161454675, Penn_St,1.516207554652963, Penn_St,1.5162776914774925
7, Clemson,0.846153846153846, Oklahoma,1.2271318425164575, Notre_Dame,1.3831177302465598, Notre_Dame,1.4535859517821978, Notre_Dame,1.4789129420667362, Notre_Dame,1.487598793525346, Notre_Dame,1.4904724137846765, Notre_Dame,1.4913981222290553, Notre_Dame,1.4916909347283973, Notre_Dame,1.4917822083495287
8, Troy,0.8333333333333334, Notre_Dame,1.1982696790389096, Oklahoma,1.375711281853215, Oklahoma,1.4306132280478767, Oklahoma,1.4496949002823447, Oklahoma,1.4562170646228154, Oklahoma,1.4584021191718157, Oklahoma,1.4591166220408742, Oklahoma,1.4593458567626838, Oklahoma,1.4594181722413442
9, TCU,0.8333333333333334, Troy,1.1976495726495722, TCU,1.3255262527552716, TCU,1.37220186011813, TCU,1.3882940925349885, TCU,1.3937111593108538, TCU,1.3955120747520846, TCU,1.3960979910834943, TCU,1.3962851781460066, TCU,1.3963441409058732
10, Memphis,0.8181818181818183, TCU,1.1969696969696961, Troy,1.3101575928280467, Troy,1.3455125506473729, Miami_FL,1.3667959692427396, Miami_FL,1.3744987689012418, Miami_FL,1.3770847091915983, Miami_FL,1.3779258807431238, Miami_FL,1.3781926256215533, Miami_FL,1.3782755411165661
11, South_Florida,0.8181818181818183, Boise_St,1.1619214119214107, Boise_St,1.2878213957759441, Miami_FL,1.344658621616765, Troy,1.356517399741101, Troy,1.359827908490969, Troy,1.3608134316497946, Troy,1.3611062647029926, Troy,1.3611936886028764, Troy,1.361219812158459
12, Boise_St,0.7857142857142855, Michigan_St,1.1312085350546888, Miami_FL,1.2828949475802627, Michigan_St,1.3274565028575613, Michigan_St,1.345668407082383, Michigan_St,1.3517058617320576, Michigan_St,1.353665240509529, Michigan_St,1.354291454355991, Michigan_St,1.3544889220387653, Michigan_St,1.3545505948582932
13, Notre_Dame,0.7692307692307692, Memphis,1.1274104683195592, Michigan_St,1.274541891674757, Boise_St,1.32561432575836, Boise_St,1.3370253413358018, Boise_St,1.3405086015083865, Boise_St,1.3415591664938857, Boise_St,1.3418749922952329, Boise_St,1.341970113688724, Boise_St,1.341998727190418
14, USC,0.7692307692307692, Miami_FL,1.1214257964257957, Memphis,1.2490392457016735, Memphis,1.2911858292273581, Memphis,1.3049340766053545, Memphis,1.309349531813712, Memphis,1.3107359131223653, Memphis,1.3111642151492384, Memphis,1.3112952918948872, Memphis,1.311335067116004
15, Northwestern,0.7692307692307692, USC,1.1086605701990315, USC,1.228331620713277, USC,1.2697223326206644, Auburn,1.2885316997524618, Auburn,1.2963686317623875, Auburn,1.298980121805222, Auburn,1.2998284287998614, Auburn,1.300099087969346, Auburn,1.30018422758264
16, Oklahoma_St,0.7692307692307692, FL_Atlantic,1.1062548562548555, FL_Atlantic,1.220747743256485, Auburn,1.2658928472337345, USC,1.2839152717803752, USC,1.28865443287894, USC,1.290193428247652, USC,1.2906881671690378, USC,1.2908453714628798, USC,1.290894816445421
17, Michigan_St,0.7692307692307692, Northwestern,1.0820781782320248, Northwestern,1.2110951067043036, Northwestern,1.2573243656044935, Northwestern,1.273413993747952, Northwestern,1.2787848318217883, Northwestern,1.280523653428379, Northwestern,1.2810766957932116, Northwestern,1.281250332166863, Northwestern,1.2813042150468845
18, FL_Atlantic,0.75, Washington,1.068376068376068, Auburn,1.2036361231560264, FL_Atlantic,1.2549245931709117, FL_Atlantic,1.2652435065390824, FL_Atlantic,1.2682929593425378, FL_Atlantic,1.269200359007643, FL_Atlantic,1.2694700493245998, FL_Atlantic,1.2695499792549123, FL_Atlantic,1.269573524144627
19, Miami_FL,0.75, Army,1.0505536130536126, Washington,1.188424786654682, Washington,1.23032392461636, Washington,1.24386632865812, Washington,1.2481969080177837, Washington,1.2495743655105704, Washington,1.250010882830678, Washington,1.2501483215811855, Washington,1.250191261091104
20, San_Diego_St,0.75, Auburn,1.0475293936832395, Army,1.1570414959619506, Army,1.1942990407099958, Army,1.2065385790452252, Oklahoma_St,1.210641647913481, Oklahoma_St,1.212162877280226, Oklahoma_St,1.2126607545198456, Oklahoma_St,1.2128202380124642, Oklahoma_St,1.2128703229441742
21, Toledo,0.75, Oklahoma_St,1.0460821230051995, Oklahoma_St,1.1544441863497799, Oklahoma_St,1.1928660455443585, Oklahoma_St,1.206091863847774, Army,1.2103874003282002, Army,1.2115949070446457, Army,1.2119664540312358, Army,1.2120796944138539, Army,1.2121138983210127
22, Army,0.75, South_Florida,1.0385674931129476, San_Diego_St,1.1277950067285718, Stanford,1.1700252845867927, Stanford,1.186004355099194, Stanford,1.1913274651546215, Stanford,1.1930656730014706, Stanford,1.1936241625657713, Stanford,1.1938011366670893, Stanford,1.1938565330828543
23, Washington,0.75, San_Diego_St,1.029331779331779, Stanford,1.1240214346050807, San_Diego_St,1.1603171171315547, San_Diego_St,1.171073700951467, San_Diego_St,1.1744964434964644, San_Diego_St,1.1755607745391528, San_Diego_St,1.1758904902562533, San_Diego_St,1.17599224944903, San_Diego_St,1.1760235147370919
24, Stanford,0.6923076923076923, Toledo,1.0208333333333328, South_Florida,1.1147765801691418, Washington_St,1.1545591855985529, Washington_St,1.1672603553760006, Washington_St,1.1712912575130416, Washington_St,1.1725765643442014, Washington_St,1.1729845169318462, Washington_St,1.173113326525952, Washington_St,1.1731536176254684
25, Auburn,0.6923076923076923, Stanford,0.9974000358615739, Washington_St,1.1141595672845663, South_Florida,1.1406204505061934, NC_State,1.1527109346106006, NC_State,1.1584850801305366, NC_State,1.1604180408914133, NC_State,1.1610490168225032, NC_State,1.1612507033191275, NC_State,1.1613138932198024
26, Fresno_St,0.6923076923076923, Washington_St,0.9903013653013647, Toledo,1.100063131313132, NC_State,1.136067694884778, South_Florida,1.1489606692460228, South_Florida,1.1516611762411706, South_Florida,1.1525152419178128, South_Florida,1.1527800437526858, South_Florida,1.1528612715057434, South_Florida,1.1528859192342147
27, LSU,0.6666666666666666, Fresno_St,0.9692807192807189, NC_State,1.0901322033315033, Toledo,1.1248017252235554, Toledo,1.132679731914087, Iowa,1.135635754719718, Iowa,1.1373003676804296, Iowa,1.1378301620799602, Iowa,1.1379964361701733, Iowa,1.1380479323832107
28, Mississippi_St,0.6666666666666666, NC_State,0.9661519036519031, South_Carolina,1.075743578650047, South_Carolina,1.116610442516586, South_Carolina,1.1306217605588018, South_Carolina,1.1353147770867558, South_Carolina,1.1368467948537182, South_Carolina,1.1373386918224166, South_Carolina,1.13749411086728, South_Carolina,1.137542554021329
29, Appalachian_St,0.6666666666666666, South_Carolina,0.9628982128982125, Fresno_St,1.0695626731465884, Iowa,1.1149240553768778, Iowa,1.1304914570366096, Toledo,1.1350491679598131, Toledo,1.1357439040991157, Toledo,1.1359473069811858, Toledo,1.1360066573536656, Toledo,1.1360238907265217
30, Virginia_Tech,0.6666666666666666, Mississippi_St,0.9621212121212115, Mississippi_St,1.069058519342611, Mississippi_St,1.1077712501274504, Mississippi_St,1.1217458809562584, Mississippi_St,1.126490640475957, Mississippi_St,1.1280357994116061, Mississippi_St,1.128529084242061, Mississippi_St,1.128684129181433, Mississippi_St,1.1287323641105165
31, Ohio,0.6666666666666666, North_Texas,0.9469696969696966, Iowa,1.068441784101124, Fresno_St,1.1001448997958667, Fresno_St,1.1092426060493585, Fresno_St,1.1119858407074026, Fresno_St,1.1128176063831952, Fresno_St,1.113069223283804, Fresno_St,1.113145007948093, Fresno_St,1.1131677260027637
32, South_Carolina,0.6666666666666666, Iowa,0.9342772612003374, LSU,1.034287907605215, LSU,1.0782117832294833, LSU,1.0943143482976023, LSU,1.0998778115072743, LSU,1.101729825155646, LSU,1.1023294504093486, LSU,1.102519922627443, LSU,1.1025795116778159
33, North_Texas,0.6666666666666666, Virginia_Tech,0.9280788655788652, North_Texas,1.0308409708977893, Virginia_Tech,1.0584446474992035, Virginia_Tech,1.0710584375289411, Virginia_Tech,1.075462834787873, Virginia_Tech,1.0769502493982843, Virginia_Tech,1.07743789540066, Virginia_Tech,1.0775934812573218, Virginia_Tech,1.0776420607090766
34, NC_State,0.6666666666666666, Appalachian_St,0.9255536130536127, Virginia_Tech,1.0238441167418444, North_Texas,1.0555433383372985, Wake_Forest,1.065860738360031, Wake_Forest,1.0711480694146347, Wake_Forest,1.0728724044033902, Wake_Forest,1.0734222629054053, Wake_Forest,1.0735948849261139, Wake_Forest,1.0736483398366774
35, Washington_St,0.6666666666666666, LSU,0.9232226107226104, Wake_Forest,1.0062472775540963, Wake_Forest,1.0502828230082777, North_Texas,1.0631650170419518, North_Texas,1.065479386537489, North_Texas,1.0661749393301556, North_Texas,1.0663840419126294, North_Texas,1.0664463464030283, North_Texas,1.066464824861336
36, Georgia_St,0.6363636363636365, Ohio,0.8882575757575755, Appalachian_St,0.9985309829059826, Iowa_St,1.0227583765804773, Iowa_St,1.0359390683203271, Iowa_St,1.0403020506046872, Iowa_St,1.04172121072558, Iowa_St,1.04217594803395, Iowa_St,1.0423193040401832, Iowa_St,1.042363930983899
37, Marshall,0.6153846153846154, Wake_Forest,0.8870435120435114, Iowa_St,0.9840716579134409, Appalachian_St,1.0204132773218493, Appalachian_St,1.0267652735202089, Appalachian_St,1.0285380491433227, Appalachian_St,1.0290244746962813, Appalachian_St,1.0291596942296721, Appalachian_St,1.029198229897792, Appalachian_St,1.0292094061968857
38, Iowa,0.6153846153846154, Iowa_St,0.8754370629370624, Ohio,0.9587295595818329, Ohio,0.9783908314577227, Ohio,0.9841388035946547, Ohio,0.9858480824267298, Ohio,0.9863543961697653, Ohio,0.9865016611037498, Ohio,0.9865443166478045, Ohio,0.9865566904837058
39, Michigan,0.6153846153846154, Houston,0.8510586635586631, Houston,0.9308384691907422, Houston,0.9580108410850849, Houston,0.9667066759471727, Houston,0.9694325356490675, Houston,0.9702835514387239, Houston,0.9705448336189665, Houston,0.97062393923663, Houston,0.9706477305163757
40, N_Illinois,0.5833333333333333, Michigan,0.835709162632239, Michigan,0.9175837386568964, Michigan,0.9448061420036651, Michigan,0.9539497311086532, Michigan,0.9569869722127208, Michigan,0.9579664794062686, Michigan,0.9582763867956351, Michigan,0.9583735454920882, Michigan,0.9584036993319064
41, Kansas_St,0.5833333333333333, Marshall,0.818226645149722, Louisville,0.8851065301895725, Louisville,0.9199416949661237, Louisville,0.9324768521787912, Louisville,0.9367656410621716, Louisville,0.938187779009223, Louisville,0.9386490814910612, Louisville,0.9387954642859331, Louisville,0.9388410952482095
42, Southern_Miss,0.5833333333333333, Louisville,0.791715229215229, Marshall,0.8750163007156015, Boston_College,0.902567544510462, Boston_College,0.9146897051331118, Boston_College,0.918798035030142, Boston_College,0.9201506768121743, Boston_College,0.9205860819128908, Boston_College,0.9207234751037824, Boston_College,0.9207660460442235
43, UAB,0.5833333333333333, UAB,0.7898212898212895, Purdue,0.8698089050092809, Purdue,0.8998190345639289, Purdue,0.909760777661442, Purdue,0.9129718825913381, Purdue,0.9139898555567876, Purdue,0.9143087052713281, Purdue,0.9144076289666639, Purdue,0.9144380117644619
44, Wake_Forest,0.5833333333333333, Georgia_St,0.787190082644628, Boston_College,0.8684792189162817, Marshall,0.8926026520624692, Kansas_St,0.898301001354652, Kansas_St,0.9014512717605995, Kansas_St,0.9024928709200272, Kansas_St,0.9028303446805237, Kansas_St,0.9029379157791623, Kansas_St,0.9029716803493009
45, Louisville,0.5833333333333333, Purdue,0.786847767616998, Kansas_St,0.8613903457653456, Kansas_St,0.8889959377753895, Marshall,0.8978493246384481, Marshall,0.8994162674487723, Marshall,0.899886453986897, Marshall,0.900027526571606, Marshall,0.9000694353341442, Marshall,0.9000818047036635
46, Wyoming,0.5833333333333333, Kansas_St,0.7843822843822841, Arizona_St,0.8593475774419829, Arizona_St,0.8854199726040987, Arizona_St,0.8939258822005749, Arizona_St,0.8966412055976127, Arizona_St,0.8975052922038825, Arizona_St,0.8977792797457262, Arizona_St,0.8978659145914739, Arizona_St,0.8978931168595051
47, C_Michigan,0.5833333333333333, Arizona_St,0.7809306078536846, Navy,0.8456551606901255, Navy,0.8757058391585174, Navy,0.884960192417789, Navy,0.887833683312999, Navy,0.8887180547098615, Navy,0.8889887972530909, Navy,0.8890711392299565, Navy,0.8890959623650195
48, Iowa_St,0.5833333333333333, Florida_Intl,0.7785547785547784, UAB,0.8415713810600174, UAB,0.8564889294026166, UAB,0.8608119045719663, UAB,0.8620793742169169, UAB,0.8624514582637832, Florida_St,0.8627164875208014, Florida_St,0.8628487568903118, Florida_St,0.8628899044061087
49, Florida_Intl,0.5833333333333333, Boston_College,0.7785547785547782, Georgia_St,0.8363847470252428, Georgia_St,0.8514189330891988, Florida_St,0.8570772655570903, Florida_St,0.8610002330795213, Florida_St,0.8622982081545938, UAB,0.8625614359175716, UAB,0.8625937772260596, UAB,0.8626032422188116
50, Houston,0.5833333333333333, Wyoming,0.7765151515151512, Florida_Intl,0.8342527276530773, Florida_Intl,0.851016236418334, Florida_Intl,0.8559713793254459, Florida_Intl,0.857492958936104, Florida_Intl,0.8579519425550254, Florida_Intl,0.8580887475385944, Florida_Intl,0.8581295236073776, Florida_Intl,0.8581415741388462
51, Arkansas_St,0.5454545454545455, C_Michigan,0.775252525252525, C_Michigan,0.829397191613101, C_Michigan,0.8462890180456466, Georgia_St,0.8555884307160807, Georgia_St,0.8567443546091115, Georgia_St,0.8570708034355722, Georgia_St,0.857165100630018, Georgia_St,0.8571928401367873, Georgia_St,0.8572010559229247
52, New_Mexico_St,0.5384615384615385, Southern_Miss,0.7602466977466975, Wyoming,0.8278428221610041, Florida_St,0.8455676707742854, Kentucky,0.8515082388792334, Kentucky,0.8545984667538697, Kentucky,0.8555953860344776, Kentucky,0.8559123746868048, Kentucky,0.8560119039214694, Kentucky,0.8560427293486548
53, Boston_College,0.5384615384615385, Navy,0.7564102564102559, Kentucky,0.8139281068258345, Kentucky,0.8420171882230195, C_Michigan,0.8515072041633125, C_Michigan,0.8530659363091826, C_Michigan,0.8535258775836702, C_Michigan,0.8536610119303353, C_Michigan,0.8537003594391894, C_Michigan,0.8537118137815808
54, Navy,0.5384615384615385, N_Illinois,0.7518939393939392, Florida_St,0.8118824462574469, Wyoming,0.8406471920590372, Wyoming,0.8442335575941587, Duke,0.847443189882686, Duke,0.848713579650963, Duke,0.8491211543135222, Duke,0.8492490344445766, Duke,0.8492885186605991
55, MTSU,0.5384615384615385, Kentucky,0.7335858585858583, Southern_Miss,0.810266620843544, Duke,0.8324909210411737, Duke,0.8436106417445367, Wyoming,0.8452995814771564, Wyoming,0.8456197405489656, Wyoming,0.8457145150395875, Wyoming,0.8457423070607467, Wyoming,0.845750382367488
56, Texas,0.5384615384615385, Florida_St,0.7196969696969693, N_Illinois,0.8035652268606817, Southern_Miss,0.8243829702764005, Southern_Miss,0.8284694076220325, Southern_Miss,0.8296619228894372, Southern_Miss,0.8300095539697971, Southern_Miss,0.8301117274738702, Southern_Miss,0.8301417734467337, Southern_Miss,0.8301505939576748
57, Arizona_St,0.5384615384615385, Texas,0.7185314685314683, Duke,0.8011429461822812, N_Illinois,0.821870126722352, N_Illinois,0.8275599936116178, N_Illinois,0.8292558646464212, N_Illinois,0.829763397185128, N_Illinois,0.8299138855723989, N_Illinois,0.8299582525348285, N_Illinois,0.829971302404227
58, Purdue,0.5384615384615385, Duke,0.717385392385392, Texas,0.7806354969816499, Texas,0.8029130644498498, Texas,0.8106607869085863, Texas,0.813292461982308, Texas,0.814170695551266, Texas,0.814457119822118, Texas,0.8145487988526936, Texas,0.8145776717444849
59, UT_San_Antonio,0.5, Arkansas_St,0.7073532528077981, Texas_A&M,0.767922523604342, Texas_A&M,0.7965069655938684, Texas_A&M,0.8060970116170217, Texas_A&M,0.8092251776198968, Texas_A&M,0.8102312076139652, Texas_A&M,0.8105488982869109, Texas_A&M,0.810648392754077, Texas_A&M,0.8106792853496085
60, Oregon,0.49999999999999994, MTSU,0.6952214452214449, Oregon,0.7521702308634131, Oregon,0.7724879278497313, Oregon,0.7789072038514879, Oregon,0.7809809311655476, Oregon,0.781649903024823, Oregon,0.7818631537904467, Oregon,0.781930328011476, Oregon,0.7819512868009556
61, Duke,0.49999999999999994, Texas_A&M,0.6919191919191917, SMU,0.7500857202561754, SMU,0.7713199265024352, SMU,0.7778031917270606, SMU,0.7798228989752607, SMU,0.7804433500244344, SMU,0.7806303816954445, SMU,0.7806866467148557, SMU,0.7807034432049215
62, Colorado_St,0.49999999999999994, Oregon,0.6900252525252523, Arkansas_St,0.7489147675098092, Mississippi,0.7649460498422743, Mississippi,0.774434480903345, Mississippi,0.7775463392858859, Mississippi,0.7785368894408675, Mississippi,0.7788499408093551, Mississippi,0.7789479919899027, Mississippi,0.7789783739694728
63, Utah,0.49999999999999994, SMU,0.6830808080808077, MTSU,0.7480843263185922, MTSU,0.7648229111060425, MTSU,0.7702532817752404, MTSU,0.7720003200166078, MTSU,0.7725559373732045, MTSU,0.7727282780945658, MTSU,0.772780829142303, MTSU,0.7727966474128125
64, Temple,0.49999999999999994, Utah,0.6798756798756795, Utah,0.7366452425455926, Arkansas_St,0.7613517511268272, Arkansas_St,0.7648780523544575, Arkansas_St,0.7658749986856478, Arkansas_St,0.766156818320186, Arkansas_St,0.7662378501627959, Arkansas_St,0.7662615430325704, Arkansas_St,0.7662685625137685
65, Florida_St,0.49999999999999994, Temple,0.6755536130536127, Mississippi,0.7364859658248093, Temple,0.755035228973366, Temple,0.7612272722261861, Temple,0.7631171551269315, Temple,0.7636931779447508, Temple,0.7638663027323771, Temple,0.7639179328207969, Temple,0.7639333239581052
66, Kentucky,0.49999999999999994, West_Virginia,0.6622474747474745, Temple,0.7351508970827153, Utah,0.7545216193232315, Utah,0.7604781877450086, Utah,0.7624706720314736, Utah,0.7631174900624788, Utah,0.7633250614510004, Utah,0.7633911032955755, Utah,0.7634118388501481
67, Texas_A&M,0.49999999999999994, Akron,0.6616161616161614, West_Virginia,0.7186606007628736, West_Virginia,0.738721266535195, West_Virginia,0.7456339931931848, West_Virginia,0.7479949224996374, West_Virginia,0.748781695048898, West_Virginia,0.7490377619427067, West_Virginia,0.7491194774067498, West_Virginia,0.7491451477365776
68, SMU,0.49999999999999994, Arizona,0.6546231546231545, UCLA,0.7135730468503463, UCLA,0.7353644169610152, UCLA,0.7428716240171684, UCLA,0.7452995364578102, UCLA,0.7460732855190855, UCLA,0.7463183955239003, UCLA,0.7463953419884205, UCLA,0.7464193067264413
69, Arizona,0.49999999999999994, Mississippi,0.6515151515151514, Arizona,0.7116661181346494, Arizona,0.7315654049466948, Arizona,0.7383256048761259, Arizona,0.7405471711710193, Arizona,0.7412637003691477, Arizona,0.7414929879026835, Arizona,0.7415655774626282, Arizona,0.7415883223485776
70, Louisiana_Tech,0.49999999999999994, UCLA,0.6498117267348034, Akron,0.7110116314661772, Akron,0.7271342861046722, Akron,0.7319396973535391, Akron,0.7333482833767273, Akron,0.733755425365571, Akron,0.7338733084472561, Akron,0.7339073763242288, Akron,0.7339172345562985
71, Akron,0.49999999999999994, Louisiana_Tech,0.6477272727272726, Missouri,0.7036245320336229, Missouri,0.7237982173932583, Missouri,0.7306173190736184, Missouri,0.7328084872348565, Missouri,0.7335025422848639, Missouri,0.7337214906756508, Missouri,0.7337899738215072, Missouri,0.7338111652293123
72, Missouri,0.49999999999999994, New_Mexico_St,0.6474358974358974, Louisiana_Tech,0.6902409143886418, Louisiana_Tech,0.7040148363233906, Louisiana_Tech,0.7080720170110132, Louisiana_Tech,0.7092572779401561, Louisiana_Tech,0.7096110170274624, Louisiana_Tech,0.709716622726223, Louisiana_Tech,0.709748023364262, Louisiana_Tech,0.7097573267110426
73, West_Virginia,0.49999999999999994, Missouri,0.6439393939393938, New_Mexico_St,0.6836900473264111, Buffalo,0.6968149477577023, Buffalo,0.7021606010618389, Buffalo,0.7037076341190447, Buffalo,0.7041542715198504, Buffalo,0.7042844999524516, Buffalo,0.70432240416806, Buffalo,0.704333446837841
74, UCLA,0.46153846153846156, Buffalo,0.6163911845730026, Buffalo,0.6776827396662111, New_Mexico_St,0.6945161434095815, New_Mexico_St,0.6975871726392951, New_Mexico_St,0.6984469531184474, Virginia,0.6987880464089548, Virginia,0.6990987969948987, Virginia,0.6991967268159426, Virginia,0.699227075891326
75, Buffalo,0.4545454545454546, Colorado_St,0.5946969696969696, Virginia,0.6602934733616546, Virginia,0.6861510041281959, Virginia,0.6948925355924483, Virginia,0.6978218834176197, New_Mexico_St,0.6986899791946326, Georgia_Tech,0.6987840778391503, Georgia_Tech,0.6989207591007162, Georgia_Tech,0.6989636634857543
76, Mississippi,0.4545454545454546, UT_San_Antonio,0.588053613053613, Georgia_Tech,0.6549167373031006, Georgia_Tech,0.6828795420221017, Georgia_Tech,0.6933198718994276, Georgia_Tech,0.697072784637372, Georgia_Tech,0.6983590313955906, New_Mexico_St,0.6987597635921201, New_Mexico_St,0.6987802330480305, New_Mexico_St,0.698786310510876
77, UNLV,0.4545454545454546, Virginia,0.587445887445887, UNLV,0.6275488171149333, UNLV,0.6422337071420687, UNLV,0.646511286571578, UNLV,0.6477128418450345, UNLV,0.6480624757358961, UNLV,0.6481655374482937, UNLV,0.6481960660727625, UNLV,0.6482051243747694
78, W_Michigan,0.4545454545454546, UNLV,0.5829095147276965, Texas_Tech,0.617885275337198, Texas_Tech,0.6351942887763857, Texas_Tech,0.6410914245968244, Texas_Tech,0.6430154072535914, Texas_Tech,0.6436343763357059, Texas_Tech,0.6438319698604729, Texas_Tech,0.6438943008964476, Texas_Tech,0.643913755790322
79, WKU,0.41666666666666663, Georgia_Tech,0.5795454545454546, Colorado_St,0.6176442454851545, W_Michigan,0.6294396239456306, W_Michigan,0.633637169277693, W_Michigan,0.6348126184853125, W_Michigan,0.635153861916427, W_Michigan,0.6352519743914974, W_Michigan,0.6352804401958634, W_Michigan,0.635288742743838
80, Minnesota,0.41666666666666663, W_Michigan,0.5750688705234158, W_Michigan,0.6154520410718755, Colorado_St,0.6242450257278939, Colorado_St,0.6262374047138317, Colorado_St,0.626826047845394, Colorado_St,0.6270013537622143, Pittsburgh,0.6272624338932918, Pittsburgh,0.6273852389625018, Pittsburgh,0.6274234825627443
81, Texas_Tech,0.41666666666666663, Texas_Tech,0.5625971250971247, UT_San_Antonio,0.6108171548730985, UT_San_Antonio,0.6169313124891632, Pittsburgh,0.6222451557889923, Pittsburgh,0.6257034567067734, Pittsburgh,0.6268770242621916, Colorado_St,0.6270533368530311, Colorado_St,0.6270686629695755, Colorado_St,0.6270731513534611
82, Utah_St,0.41666666666666663, Minnesota,0.5410839160839159, Tulane,0.5862149787769625, Pittsburgh,0.6124107024218284, UT_San_Antonio,0.6187538051158977, UT_San_Antonio,0.6192972763980291, UT_San_Antonio,0.6194601842220026, UT_San_Antonio,0.619509053195233, UT_San_Antonio,0.6195237060211986, UT_San_Antonio,0.6195280547507012
83, Virginia,0.41666666666666663, Vanderbilt,0.5282898919262555, Pittsburgh,0.5861220849857215, Tulane,0.6055790438726215, Tulane,0.6121009313961662, Tulane,0.6142129113045394, Tulane,0.6148697800593375, Tulane,0.6150728684816735, Tulane,0.6151344963499978, Tulane,0.6151530188586906
84, E_Michigan,0.41666666666666663, Tulane,0.524793388429752, Florida,0.5840657047268616, Florida,0.6040471168124254, Florida,0.610734650218429, Florida,0.6128969658159164, Florida,0.6135892361594694, Florida,0.6138101808914346, Florida,0.6138797155013502, Florida,0.6139012841623657
85, Georgia_Tech,0.4, Pittsburgh,0.5227272727272727, Minnesota,0.5812035712603896, Vanderbilt,0.5975825043824453, Vanderbilt,0.6037409797686291, Vanderbilt,0.6057352523276175, Vanderbilt,0.6063891109145164, Vanderbilt,0.6066003143306531, Vanderbilt,0.6066670476753188, Vanderbilt,0.6066877697190228
86, California,0.36363636363636365, Florida,0.5199724517906336, Vanderbilt,0.5794101215588817, Minnesota,0.5950615273374672, Minnesota,0.5994318917266951, Minnesota,0.6007809111385523, Minnesota,0.6011964936155697, Minnesota,0.6013236767706701, Minnesota,0.6013623372440541, Minnesota,0.6013740000563117
87, Vanderbilt,0.36363636363636365, Air_Force,0.5130853994490358, Miami_OH,0.5572303614658982, Miami_OH,0.5708952338601078, Miami_OH,0.5749563860472277, Miami_OH,0.5761234882783098, Miami_OH,0.5764594790232926, Miami_OH,0.5765555603000293, Miami_OH,0.5765834371315656, Miami_OH,0.5765915222988762
88, Tulane,0.36363636363636365, Utah_St,0.5126262626262624, Air_Force,0.5459064580965406, Air_Force,0.5548152920312008, California,0.5590731670778158, California,0.5611970965016467, California,0.5618817667195252, California,0.5620993000949643, California,0.5621677098491816, California,0.5621890235825728
89, ULL,0.36363636363636365, Miami_OH,0.5117079889807161, Utah_St,0.5378195562854653, California,0.5525645631199949, Air_Force,0.5575478012493554, Air_Force,0.5583708409637897, Air_Force,0.558612162353792, Air_Force,0.5586840581592719, Air_Force,0.5587054480661647, Air_Force,0.5587117721778561
90, Colorado,0.36363636363636365, WKU,0.5069930069930069, WKU,0.5355345412163595, Utah_St,0.5457602930592776, Utah_St,0.5481853357757649, Syracuse,0.5491368302258065, Syracuse,0.5504353820613842, Syracuse,0.5508626571572564, Syracuse,0.5509991599232008, Syracuse,0.5510417155377051
91, Air_Force,0.36363636363636365, E_Michigan,0.4999999999999999, California,0.5329463351157566, WKU,0.5448713343559975, WKU,0.5475909096110403, Utah_St,0.5488889923978608, Utah_St,0.549093746388187, Utah_St,0.5491539367571493, Utah_St,0.5491716337134153, Utah_St,0.5491768369406287
92, Indiana,0.36363636363636365, California,0.4820936639118456, E_Michigan,0.5313978950342589, E_Michigan,0.5418194601482909, Syracuse,0.5453169553821943, WKU,0.5484225860084981, WKU,0.5486784627749236, WKU,0.5487569917707013, WKU,0.5487805789052946, WKU,0.5487875709514786
93, Florida,0.36363636363636365, ULL,0.470438652256834, Syracuse,0.5064336207692849, Syracuse,0.5345838452400808, E_Michigan,0.5448110359054016, E_Michigan,0.5457584014671257, E_Michigan,0.546047657250515, E_Michigan,0.5461347510124965, E_Michigan,0.5461607728351753, E_Michigan,0.5461685434233958
94, Miami_OH,0.36363636363636365, Nebraska,0.4602758352758352, Nebraska,0.5043717896646218, Nebraska,0.5182551004855898, Nebraska,0.5229163958335278, Nebraska,0.5244219005639944, Nebraska,0.5248974003472812, Nebraska,0.5250455237999427, Nebraska,0.5250913320214865, Nebraska,0.5251054325500514
95, Old_Dominion,0.36363636363636365, Indiana,0.4579889807162534, ULL,0.5042526344179237, ULL,0.5144135906250857, ULL,0.5172201894073895, ULL,0.517988212676644, ULL,0.5182036332339589, ULL,0.5182659062150594, ULL,0.5182842811979543, ULL,0.5182897463559407
96, Pittsburgh,0.36363636363636365, Old_Dominion,0.4573002754820936, Indiana,0.4893132464413456, Indiana,0.5018908676269401, Indiana,0.5061524755367339, Indiana,0.5075531652865616, Indiana,0.5080051690447944, Indiana,0.5081500803299601, Indiana,0.5081958926305103, Indiana,0.5082101873724234
97, Nebraska,0.3333333333333333, Colorado,0.4504132231404958, Old_Dominion,0.48773293969574943, Old_Dominion,0.4967963303833532, South_Alabama,0.4997867296472109, South_Alabama,0.5009362110819883, South_Alabama,0.501266615652557, South_Alabama,0.5013630490378085, South_Alabama,0.5013914081220654, South_Alabama,0.5013998012122933
98, ULM,0.3333333333333333, ULM,0.44949494949494934, ULM,0.4842160680228862, South_Alabama,0.4957284264313756, Old_Dominion,0.49944562915668267, Old_Dominion,0.5002288721525517, Old_Dominion,0.5004603680018922, Old_Dominion,0.5005275436573432, Old_Dominion,0.500546870443409, Old_Dominion,0.5005524827368939
99, Nevada,0.2727272727272727, Syracuse,0.435738503920322, South_Alabama,0.48129659596601737, ULM,0.4936140165027052, ULM,0.4963357870403213, ULM,0.4971085777567839, ULM,0.4973264853826949, ULM,0.49738809175676074, ULM,0.4974058260939179, ULM,0.49741100953209877
100, Cincinnati,0.2727272727272727, South_Alabama,0.42837465564738286, Colorado,0.47135612321562714, Colorado,0.47831342194133325, Colorado,0.48073910518160384, Colorado,0.4815230175677136, Colorado,0.4817730474800238, Colorado,0.4818522083582839, Colorado,0.4818769804682756, Colorado,0.48188466380542994
101, East_Carolina,0.2727272727272727, Maryland,0.39261496079677904, Tennessee,0.4283983349065991, Tennessee,0.4427856463345243, Tennessee,0.44747173520522426, Tennessee,0.4490437049544931, Tennessee,0.44956169381470507, Tennessee,0.44972749260308503, Tennessee,0.4497796504071297, Tennessee,0.449795855358964
102, Coastal_Car,0.2727272727272727, Arkansas,0.3877940241576604, Maryland,0.42812180932015653, Maryland,0.44006853719457767, Maryland,0.4444137167245983, Maryland,0.44587328765418804, Maryland,0.44635152406781403, Maryland,0.4465062064564421, Maryland,0.4465555557489337, Maryland,0.44657107863406686
103, Arkansas,0.2727272727272727, Tennessee,0.38691460055096416, Arkansas,0.42092893332562736, Arkansas,0.4336379456589824, Arkansas,0.437708858280946, Arkansas,0.4389911548226426, Arkansas,0.43938949178687636, Arkansas,0.4395113463011538, Arkansas,0.43954874842292935, Arkansas,0.43956025112945213
104, Massachusetts,0.2727272727272727, Idaho,0.3856749311294765, Idaho,0.4206475916186657, Idaho,0.43130698893518216, Idaho,0.4342079611216263, Idaho,0.4349974543625723, Idaho,0.43521725132621314, Idaho,0.4352802461840517, Idaho,0.43529869760059225, Idaho,0.4353041557679476
105, Tennessee,0.2727272727272727, Massachusetts,0.3725895316804406, Massachusetts,0.4054587515331313, Massachusetts,0.4151054470128476, Massachusetts,0.4180278927020583, Massachusetts,0.41885831124723827, Massachusetts,0.41908385567659945, Massachusetts,0.41914502428096084, Massachusetts,0.4191621153169627, Massachusetts,0.41916702236667136
106, Rutgers,0.2727272727272727, Rutgers,0.3616232252595889, Rutgers,0.397560900461409, Rutgers,0.40892679567303514, Rutgers,0.41296986643959493, Rutgers,0.4143250776351706, Rutgers,0.4147633434165568, Rutgers,0.41490276634538575, Rutgers,0.41494661792012666, Rutgers,0.4149602686023728
107, Maryland,0.2727272727272727, Cincinnati,0.3553719008264462, Cincinnati,0.3875532181317302, Cincinnati,0.3984724579202422, Cincinnati,0.4018761185318293, Cincinnati,0.40297144024650416, Cincinnati,0.40331048115654927, Cincinnati,0.4034127774383453, Cincinnati,0.4034434915465971, Cincinnati,0.40345264640888345
108, Syracuse,0.2727272727272727, Coastal_Car,0.33884297520661144, Coastal_Car,0.36131980966691685, Coastal_Car,0.368249039548814, Coastal_Car,0.37026602689702154, Coastal_Car,0.3708239336263295, Coastal_Car,0.3709784977776425, Coastal_Car,0.37102201783388405, Coastal_Car,0.3710345774614682, Coastal_Car,0.3710382735467038
109, South_Alabama,0.2727272727272727, Nevada,0.3381542699724518, Nevada,0.3565498436366204, Nevada,0.36262362444509316, Nevada,0.3645257657154046, Nevada,0.3650672374553208, Nevada,0.36522215195055, Nevada,0.36526760962291366, Nevada,0.3652809822113273, Nevada,0.36528490815120823
110, Idaho,0.2727272727272727, East_Carolina,0.33677685950413205, East_Carolina,0.3538118791217961, East_Carolina,0.35974119542630095, East_Carolina,0.36177938509869306, East_Carolina,0.3624332715839353, East_Carolina,0.36263803308032055, East_Carolina,0.3627001561067949, East_Carolina,0.36271884970783436, East_Carolina,0.36272443871925986
111, BYU,0.25, BYU,0.3099747474747474, BYU,0.3261486514327424, BYU,0.3317115011652721, BYU,0.33347856795977954, BYU,0.3339733625765138, BYU,0.33411285843580535, BYU,0.3341537940614876, BYU,0.33416586977948753, BYU,0.33416941597325955
112, Hawaii,0.18181818181818182, North_Carolina,0.24793388429752067, Tulsa,0.2744685344117162, Tulsa,0.2832205318754045, Tulsa,0.2861123474147394, Tulsa,0.28700365631487357, Tulsa,0.28727361478662544, Tulsa,0.28735570177367264, Tulsa,0.28738055896676457, Tulsa,0.2873880387173705
113, Ga_Southern,0.18181818181818182, Tulsa,0.24558080808080807, North_Carolina,0.26884547958928107, North_Carolina,0.27669826417009014, North_Carolina,0.279731766808496, North_Carolina,0.2808085743393747, North_Carolina,0.2811765887391956, North_Carolina,0.2812986287017261, North_Carolina,0.2813380009945013, North_Carolina,0.2813503760196328
114, North_Carolina,0.18181818181818182, Connecticut,0.2424242424242424, Connecticut,0.2641802641802642, Connecticut,0.2717190312748166, Connecticut,0.27418589569161994, Connecticut,0.27497375840612487, Connecticut,0.2752159034488869, Connecticut,0.27528980361084876, Connecticut,0.27531204898048656, Connecticut,0.2753187007713372
115, New_Mexico,0.18181818181818182, Ga_Southern,0.2396694214876033, Ga_Southern,0.26145273459323043, Ga_Southern,0.26839469800589255, Ga_Southern,0.27032486748459883, Ga_Southern,0.2708626960637312, Ga_Southern,0.27101540901865184, Ga_Southern,0.27105976188811876, Ga_Southern,0.27107287598032, Ga_Southern,0.27107677510274786
116, Bowling_Green,0.18181818181818182, New_Mexico,0.23002754820936638, New_Mexico,0.24865911177894653, New_Mexico,0.25377640705636595, New_Mexico,0.2552581230677167, New_Mexico,0.2557247563563636, New_Mexico,0.25586616087783737, New_Mexico,0.25590816210148143, New_Mexico,0.2559207249485885, New_Mexico,0.2559244826187925
117, Connecticut,0.18181818181818182, Bowling_Green,0.2231404958677686, Bowling_Green,0.23816679188580017, Bowling_Green,0.24271879197686885, Bowling_Green,0.24414099231072922, Bowling_Green,0.24459156450993105, Bowling_Green,0.24472586745535058, Bowling_Green,0.24476498637965147, Bowling_Green,0.24477626194665034, Bowling_Green,0.2447795325902246
118, Tulsa,0.16666666666666666, Hawaii,0.21418732782369146, Hawaii,0.2263648885549712, Hawaii,0.23036605702364543, Hawaii,0.2314902842242587, Hawaii,0.23181648578927797, Hawaii,0.23190941465424464, Hawaii,0.23193544877993785, Hawaii,0.2319427271535775, Hawaii,0.2319447951216001
119, Illinois,0.16666666666666666, Illinois,0.20896464646464646, Illinois,0.2209110334110334, Illinois,0.22485379729697913, Illinois,0.22601952541872955, Illinois,0.22635614529157694, Illinois,0.22645703173696027, Illinois,0.22648751703300649, Illinois,0.22649672867504597, Illinois,0.22649947512940463
120, Baylor,0.09090909090909091, Ball_St,0.14393939393939392, Ball_St,0.1627110263473899, Ball_St,0.16736297066875583, Ball_St,0.16868283388788302, Ball_St,0.1690639296103562, Ball_St,0.16917534767280787, Ball_St,0.1692080753790671, Ball_St,0.1692177467081122, Ball_St,0.16922058998453504
121, Ball_St,0.09090909090909091, Charlotte,0.14393939393939392, Charlotte,0.1614969626333262, Charlotte,0.16594052947358734, Charlotte,0.16722902111233415, Charlotte,0.16760858602712717, Charlotte,0.16772097775578004, Charlotte,0.1677540026185955, Charlotte,0.16776375143505587, Charlotte,0.1677666171268139
122, Texas_St,0.09090909090909091, San_Jose_St,0.13194444444444445, San_Jose_St,0.14625420875420875, San_Jose_St,0.15000462325272934, San_Jose_St,0.15095895486000374, San_Jose_St,0.15123766468428496, San_Jose_St,0.15132309065152533, San_Jose_St,0.1513491587755447, San_Jose_St,0.15135691938693027, San_Jose_St,0.15135919551582327
123, Charlotte,0.09090909090909091, Kent,0.12396694214876033, Kent,0.1352992737290258, Kent,0.13888414573989344, Kent,0.14005708391978092, Kent,0.14041017993605878, Kent,0.14051347008123627, Kent,0.14054344273868985, Kent,0.14055204447081227, Kent,0.14055454344527546
124, Kent,0.09090909090909091, Texas_St,0.11570247933884298, Texas_St,0.12171299774605564, Texas_St,0.12349452450879955, Texas_St,0.12404500509394316, Texas_St,0.12420776189454323, Texas_St,0.12425373822580069, Texas_St,0.1242668222090423, Texas_St,0.12427059236819378, Texas_St,0.1242716955287257
125, Rice,0.08333333333333333, Baylor,0.09090909090909091, Baylor,0.09090909090909091, Baylor,0.09090909090909091, Baylor,0.09090909090909091, Baylor,0.09090909090909091, Baylor,0.09090909090909091, Baylor,0.09090909090909091, Baylor,0.09090909090909091, Baylor,0.09090909090909091
126, San_Jose_St,0.08333333333333333, Rice,0.08333333333333333, Rice,0.08333333333333333, Rice,0.08333333333333333, Rice,0.08333333333333333, Rice,0.08333333333333333, Rice,0.08333333333333333, Rice,0.08333333333333333, Rice,0.08333333333333333, Rice,0.08333333333333333
127, UTEP,0.0, Oregon_St,0.0, Oregon_St,0.0, UTEP,0.0, UTEP,0.0, UTEP,0.0, UTEP,0.0, UTEP,0.0, UTEP,0.0, UTEP,0.0
128, Oregon_St,0.0, Kansas,0.0, Kansas,0.0, Kansas,0.0, Kansas,0.0, Kansas,0.0, Kansas,0.0, Kansas,0.0, Kansas,0.0, Kansas,0.0
129, Kansas,0.0, UTEP,0.0, UTEP,0.0, Oregon_St,0.0, Oregon_St,0.0, Oregon_St,0.0, Oregon_St,0.0, Oregon_St,0.0, Oregon_St,0.0, Oregon_St,0.0
