736567,20160826,    19,  0,  51,    38,  0,  31
736573,20160901,    42, -1,  34,    31,  1,  13
736573,20160901,    50,  1,  70,    20, -1,  14
736573,20160901,   122,  1,   7,   106, -1,   3
736573,20160901,    60,  1,  30,    82, -1,  23
736573,20160901,    92, -1,  13,   118,  1,  10
736573,20160901,    99,  1,  20,     4, -1,  13
736573,20160901,   127,  1,  46,    86, -1,  14
736574,20160902,    11, -1,  31,    36,  1,  21
736574,20160902,    23,  0,  44,    24,  0,   7
736574,20160902,    95,  1,  26,    46, -1,  13
736574,20160902,     9, -1,  28,    98,  1,  13
736574,20160902,   104, -1,  31,     8,  1,  10
736575,20160903,    37,  0,  17,    14,  0,  14
736575,20160903,    30,  1,  24,    54, -1,   7
736575,20160903,    94, -1,  44,    48,  1,  35
736575,20160903,    58,  1,  63,    38, -1,   3
736575,20160903,    35,  0,  33,    72,  0,  24
736575,20160903,   102, -1,  56,    76,  1,  54
736575,20160903,    77,  1,  77,    15, -1,  10
736575,20160903,    83,  1,  33,    47, -1,  13
736575,20160903,   125,  1,  26,    63, -1,  11
736575,20160903,     3,  0,  52,   113,  0,   6
736575,20160903,     7,  1,  21,    49, -1,  20
736575,20160903,    43,  1,  45,    57, -1,  21
736575,20160903,    13, -1,  45,   110,  1,  10
736575,20160903,    91, -1,  21,    62,  1,  20
736575,20160903,    68,  1,  43,    33, -1,  10
736575,20160903,    90, -1,  34,    73,  1,  21
736575,20160903,   121, -1,  22,    74,  1,  21
736575,20160903,   101,  1,  31,   109, -1,  24
736575,20160903,   107,  1,  45,    89, -1,  10
736575,20160903,    22, -1,  19,    10,  1,  13
736575,20160903,    39,  1,  33,    78, -1,  23
736575,20160903,   126,  1,  16,    51, -1,  14
736575,20160903,   117,  1,  38,    71, -1,  22
736575,20160903,    17, -1,  18,     5,  1,  16
736575,20160903,   123,  1,  48,    87, -1,  13
736575,20160903,   128,  1,  40,    65, -1,  34
736576,20160904,   100,  1,  50,    75, -1,  47
736577,20160905,    32,  0,  45,    61,  0,  34
736581,20160909,    53, -1,  41,    31,  1,  14
736581,20160909,    50, -1,  62,    96,  1,  28
736582,20160910,     4,  1,  31,    80, -1,   7
736582,20160910,     9,  1,  31,    86, -1,  14
736582,20160910,    22,  1,  30,   105, -1,  24
736582,20160910,   122, -1,  24,    26,  1,  14
736582,20160910,    28,  1,  33,    67, -1,  30
736582,20160910,    30,  1,  45,    48, -1,   7
736582,20160910,    42,  1,  30,    11, -1,  20
736582,20160910,    14,  0,  26,    54,  0,   7
736582,20160910,    56,  1,  38,    29, -1,  10
736582,20160910,    58,  1,  51,   108, -1,  14
736582,20160910,    75,  1,  39,    69, -1,  10
736582,20160910,    77,  1,  48,   107, -1,   3
736582,20160910,    84,  1,  42,    83, -1,  39
736582,20160910,    21, -1,  38,    85,  1,  20
736582,20160910,    93,  1,  48,    65, -1,  17
736582,20160910,    99,  0,  45,   120,  0,  24
736582,20160910,    10,  1,  51,     8, -1,  14
736582,20160910,    12,  1,  40,    90, -1,  13
736582,20160910,    43,  1,  42,    44, -1,   3
736582,20160910,    76, -1,  37,    45,  1,  21
736582,20160910,    62,  1,  27,    92, -1,  14
736582,20160910,    63,  1,  61,    27, -1,  21
736582,20160910,    68,  1,  52,   128, -1,  17
736582,20160910,    78,  1,  59,   111, -1,  17
736582,20160910,    18, -1,  30,    79,  1,  27
736582,20160910,    34, -1,  24,    91,  1,   9
736582,20160910,     7, -1,  41,    97,  1,  38
736582,20160910,   100,  1,  41,   117, -1,   7
736582,20160910,   118,  1,  47,    64, -1,  24
736582,20160910,   126,  1,  54,     2, -1,  10
736582,20160910,    72, -1,  48,    41,  1,  23
736582,20160910,     3,  1,  38,   127, -1,  10
736582,20160910,     1,  1,  48,    36, -1,  14
736582,20160910,    13,  1,  31,   124, -1,  28
736582,20160910,    24,  1,  23,   114, -1,  14
736582,20160910,    71,  1,  32,    70, -1,  31
736582,20160910,   115,  1,  20,    17, -1,  19
736582,20160910,     6,  1,  68,   103, -1,  55
736582,20160910,    81,  1,  44,   119, -1,  26
736582,20160910,   109,  1,  42,   112, -1,  21
736582,20160910,   113,  1,  45,   116, -1,   7
736582,20160910,   123,  1,  59,    40, -1,  14
736582,20160910,    66,  1,  28,    25, -1,  24
736582,20160910,    88,  1,  45,    19, -1,  40
736587,20160915,    39, -1,  40,    21,  1,  16
736588,20160916,     6, -1,  32,   114,  1,  28
736588,20160916,    12, -1,  38,    86,  1,  10
736588,20160916,   116,  1,  34,     8, -1,  20
736589,20160917,    56, -1,  45,     4,  1,  10
736589,20160917,    64, -1,  41,    15,  1,  21
736589,20160917,    18,  1,  44,   112, -1,  21
736589,20160917,    27, -1,  37,    20,  1,  19
736589,20160917,    25,  1,  13,   119, -1,  10
736589,20160917,    30,  1,  32,    73, -1,   0
736589,20160917,    34,  1,  23,   111, -1,  21
736589,20160917,    37,  1,  38,   118, -1,   7
736589,20160917,    48,  1,  62,    71, -1,  42
736589,20160917,     2, -1,  65,    52,  1,  38
736589,20160917,    54,  1,  21,    31, -1,  13
736589,20160917,    58,  1,  45,    23, -1,  28
736589,20160917,    67,  1,  49,    80, -1,  22
736589,20160917,    83,  1,  34,    98, -1,  27
736589,20160917,    87,  1,  37,    70, -1,  28
736589,20160917,    92,  1,  20,    28, -1,  15
736589,20160917,    93, -1,  45,    96,  1,  20
736589,20160917,    99,  1,  28,    76, -1,  19
736589,20160917,   104,  1,  52,    33, -1,  17
736589,20160917,    53, -1,  30,   108,  1,  24
736589,20160917,   120,  1,  49,    14, -1,   0
736589,20160917,    59, -1,  36,    75,  1,  28
736589,20160917,    50,  1,  63,    32, -1,  20
736589,20160917,   127, -1,  31,    57,  1,  24
736589,20160917,     7,  1,  42,   102, -1,   3
736589,20160917,   101, -1,  29,    10,  1,  16
736589,20160917,   121, -1,  34,    41,  1,  10
736589,20160917,    46,  1,  63,    29, -1,   7
736589,20160917,    51,  1,  23,    62, -1,  20
736589,20160917,   110,  1,  28,    91, -1,  23
736589,20160917,    55,  1,  43,    45, -1,   7
736589,20160917,    35, -1,  28,    63,  1,  27
736589,20160917,    88, -1,  42,    65,  1,  28
736589,20160917,    74,  1,  24,    26, -1,  13
736589,20160917,    79,  1,  45,    84, -1,  38
736589,20160917,   105, -1,  37,    94,  1,  31
736589,20160917,    97,  1,  41,    44, -1,  20
736589,20160917,   103,  1,  59,    49, -1,  45
736589,20160917,   126,  1,  23,    36, -1,  17
736589,20160917,     3, -1,  48,    61,  1,  43
736589,20160917,    77, -1,  45,    78,  1,  24
736589,20160917,    66, -1,  21,   106,  1,  14
736589,20160917,    68,  1,  35,    81, -1,  32
736589,20160917,   109, -1,  17,    17,  1,  14
736589,20160917,     9, -1,  66,   117,  1,  14
736589,20160917,     5,  1,  47,    38, -1,  28
736589,20160917,    19,  1,  50,   100, -1,  43
736589,20160917,    69,  1,  38,    16, -1,  14
736589,20160917,    95,  1,  27,   113, -1,  10
736589,20160917,   124,  1,  56,    40, -1,   6
736589,20160917,   115, -1,  34,    89,  1,  17
736594,20160922,    22, -1,  26,    37,  1,   7
736595,20160923,   115,  1,  31,   113, -1,  27
736595,20160923,    27,  1,  27,   128, -1,  24
736595,20160923,    97, -1,  33,    90,  1,   3
736596,20160924,     4, -1,  45,     2,  1,  38
736596,20160924,    16,  1,  23,     9, -1,  20
736596,20160924,    21,  1,  27,    57, -1,  20
736596,20160924,    96, -1,  31,    25,  1,  24
736596,20160924,   108, -1,  53,    31,  1,  14
736596,20160924,    11, -1,  31,    29,  1,  27
736596,20160924,   122, -1,  33,    42,  1,  28
736596,20160924,    48,  1,  17,    92, -1,  10
736596,20160924,    50, -1,  59,    52,  1,  28
736596,20160924,    62, -1,  47,    54,  1,  35
736596,20160924,    58,  1,  49,    83, -1,  10
736596,20160924,    72,  1,  37,    84, -1,  36
736596,20160924,    26, -1,  38,    75,  1,  35
736596,20160924,    80,  1,  33,   114, -1,  19
736596,20160924,    85,  1,  24,    69, -1,  14
736596,20160924,    98,  1,  48,    20, -1,  20
736596,20160924,   119,  1,  49,    18, -1,  35
736596,20160924,   120,  1,  54,    28, -1,  17
736596,20160924,   125,  0,  35,    17,  0,  32
736596,20160924,   121,  1,  49,    34, -1,  31
736596,20160924,    43, -1,  14,    87,  1,   7
736596,20160924,    32, -1,  55,    93,  1,  35
736596,20160924,   126, -1,  30,    59,  1,   6
736596,20160924,    99,  1,  38,    30, -1,  28
736596,20160924,     3,  1,  48,    47, -1,   0
736596,20160924,    44,  1,  44,    89, -1,  10
736596,20160924,    55,  1,  77,    15, -1,   3
736596,20160924,    64,  1,  38,    49, -1,  34
736596,20160924,    60,  1,  31,    24, -1,  24
736596,20160924,    68, -1,  24,    74,  1,  13
736596,20160924,    61,  1,  45,    35, -1,  14
736596,20160924,    73, -1,  42,    86,  1,  35
736596,20160924,    94, -1,  34,   117,  1,   7
736596,20160924,   101,  0,  45,     7,  0,  24
736596,20160924,   105,  1,  52,    71, -1,   6
736596,20160924,   106,  1,  41,   110, -1,  39
736596,20160924,   118, -1,  31,   127,  1,  30
736596,20160924,    39, -1,  64,   102,  1,   3
736596,20160924,    10,  1,  18,    51, -1,  13
736596,20160924,    12,  1,  35,    79, -1,  24
736596,20160924,     1, -1,  27,   116,  1,  20
736596,20160924,   123, -1,  35,     5,  1,  28
736596,20160924,     6,  1,  51,    19, -1,  41
736596,20160924,    23, -1,  41,    81,  1,  38
736596,20160924,    13, -1,  38,    82,  1,  24
736596,20160924,    40, -1,  33,   112,  1,  30
736596,20160924,    95, -1,  22,   109,  1,  13
736596,20160924,   107, -1,  48,    33,  1,  41
736601,20160929,    39,  1,  42,    25, -1,  14
736601,20160929,   103,  1,  55,    45, -1,  19
736602,20160930,    17,  1,  55,   104, -1,  53
736602,20160930,   123,  1,  44,    95, -1,   6
736603,20161001,     4,  1,  17,    36, -1,   3
736603,20161001,    65, -1,  31,    11,  1,  24
736603,20161001,    14,  1,  35,    16, -1,   3
736603,20161001,    27, -1,  28,    15,  1,  25
736603,20161001,   121, -1,  49,    18,  1,  10
736603,20161001,    80, -1,  52,    20,  1,  17
736603,20161001,    93, -1,  45,    21,  1,  20
736603,20161001,    22,  1,  42,    50, -1,  36
736603,20161001,   119, -1,  34,    26,  1,  20
736603,20161001,   108, -1,  47,    28,  1,  29
736603,20161001,    31,  1,  33,    29, -1,  31
736603,20161001,    56, -1,  35,    37,  1,  21
736603,20161001,     2, -1,  31,    47,  1,  27
736603,20161001,    53,  1,  50,    85, -1,   7
736603,20161001,   106, -1,  31,    54,  1,  24
736603,20161001,    76, -1,  17,    57,  1,   7
736603,20161001,    67,  1,  33,   122, -1,  16
736603,20161001,    77,  1,  58,    87, -1,   0
736603,20161001,    83,  1,  29,    60, -1,  26
736603,20161001,    84,  1,  43,    52, -1,  27
736603,20161001,   101, -1,  24,    92,  1,  13
736603,20161001,    98,  1,  45,    90, -1,  20
736603,20161001,   125,  1,  17,    46, -1,  16
736603,20161001,    42,  1,  24,    59, -1,  21
736603,20161001,    75,  0,  50,    96,  0,  33
736603,20161001,    72, -1,  37,    32,  1,  35
736603,20161001,    58,  1,  14,   126, -1,   7
736603,20161001,    99, -1,  34,    35,  1,  31
736603,20161001,     3,  1,  34,    48, -1,   6
736603,20161001,    10,  1,  58,   111, -1,   7
736603,20161001,    51,  1,  42,    63, -1,   7
736603,20161001,    49,  1,  28,   117, -1,   7
736603,20161001,    68,  1,  31,    41, -1,  16
736603,20161001,    64, -1,  30,    73,  1,  13
736603,20161001,    79,  1,  49,   100, -1,  31
736603,20161001,    61,  1,  48,    55, -1,  28
736603,20161001,    91,  1,  42,    88, -1,  24
736603,20161001,    94,  1,  44,    86, -1,  28
736603,20161001,    78, -1,  52,    97,  1,  46
736603,20161001,    12, -1,  45,    44,  1,  42
736603,20161001,    74, -1,  38,    43,  1,  31
736603,20161001,    30, -1,  13,   118,  1,   6
736603,20161001,    13,  1,  21,   116, -1,  10
736603,20161001,    23,  1,  47,    82, -1,   6
736603,20161001,   128, -1,  38,    24,  1,  17
736603,20161001,    70,  1,  48,    89, -1,  41
736603,20161001,    71,  1,  37,   110, -1,  31
736603,20161001,   105, -1,  34,    40,  1,  13
736603,20161001,   109,  1,  45,     5, -1,  24
736603,20161001,   113,  1,  41,     6, -1,  20
736603,20161001,    19,  1,  28,   115, -1,  23
736603,20161001,   124,  1,  51,    81, -1,  33
736603,20161001,     1,  1,  28,    66, -1,  14
736603,20161001,    38,  1,  38,    69, -1,  17
736603,20161001,   112,  1,  45,    33, -1,  20
736607,20161005,     8,  1,  27,    34, -1,  26
736608,20161006,    55,  1,  34,    98, -1,  27
736608,20161006,    49,  1,  55,   127, -1,  52
736609,20161007,    22, -1,  56,    14,  1,  10
736609,20161007,   107,  1,  43,    90, -1,  40
736609,20161007,    13, -1,  49,    70,  1,  21
736609,20161007,    80,  1,  36,    54, -1,  16
736610,20161008,     2,  1,  35,    57, -1,  13
736610,20161008,    47, -1,  44,    16,  1,  20
736610,20161008,    18,  1,  24,    11, -1,  21
736610,20161008,    25,  1,  20,    21, -1,   9
736610,20161008,    26,  1,  13,     9, -1,   6
736610,20161008,   104, -1,  35,    27,  1,  20
736610,20161008,    36,  1,  41,   102, -1,  21
736610,20161008,    48,  1,  20,   118, -1,  13
736610,20161008,    17, -1,  31,    59,  1,  14
736610,20161008,   120, -1,  34,    72,  1,   3
736610,20161008,    76,  1,  30,    15, -1,  24
736610,20161008,    77,  1,  38,    42, -1,  17
736610,20161008,    83,  1,  38,    53, -1,  14
736610,20161008,    84,  1,  37,    37, -1,  34
736610,20161008,    93,  1,  38,    28, -1,  22
736610,20161008,   122,  1,  28,    96, -1,   9
736610,20161008,   121,  1,  45,    65, -1,  30
736610,20161008,    67,  1,  10,    75, -1,   3
736610,20161008,    58, -1,  78,    87,  1,   0
736610,20161008,    32, -1,  20,    56,  1,  19
736610,20161008,    85, -1,  34,    41,  1,  31
736610,20161008,    46,  1,  44,   103, -1,  38
736610,20161008,    40, -1,  34,   111,  1,  31
736610,20161008,    10, -1,  38,    62,  1,  14
736610,20161008,    73,  1,  38,    52, -1,  21
736610,20161008,    79,  1,  38,    44, -1,  31
736610,20161008,   114,  1,  55,    94, -1,  32
736610,20161008,     3, -1,  49,     7,  1,  30
736610,20161008,    78,  0,  45,   100,  0,  40
736610,20161008,    97, -1,  24,    45,  1,  23
736610,20161008,    43, -1,  14,    60,  1,   7
736610,20161008,   101,  1,  45,    99, -1,  38
736610,20161008,    31, -1,  35,   117,  1,  21
736610,20161008,   115,  1,  36,     5, -1,  23
736610,20161008,   128,  1,  35,     1, -1,  26
736610,20161008,     6,  1,  23,   109, -1,  20
736610,20161008,    69,  1,  27,    33, -1,  22
736610,20161008,   123, -1,  70,    81,  1,  21
736610,20161008,    82,  1,  47,    19, -1,  44
736610,20161008,    88,  1,  26,   112, -1,   7
736610,20161008,    38, -1,  34,    89,  1,  17
736610,20161008,   124, -1,  42,    95,  1,  16
736610,20161008,   113,  1,  21,    23, -1,  17
736610,20161008,    66,  1,  46,    39, -1,  40
736610,20161008,    24,  1,  31,   116, -1,  24
736611,20161009,    20, -1,  28,    29,  1,  23
736611,20161009,    35, -1,  28,    92,  1,  14
736614,20161012,     4, -1,  24,   110,  1,   0
736616,20161014,    50,  1,  24,    26, -1,  14
736616,20161014,    55, -1,  24,   106,  1,  14
736616,20161014,    17,  1,  28,    62, -1,  21
736616,20161014,    88, -1,  17,    33,  1,   3
736617,20161015,   121, -1,  41,     2,  1,   0
736617,20161015,    11, -1,  31,    16,  1,  21
736617,20161015,    31, -1,  27,    20,  1,  26
736617,20161015,    22,  1,  24,    67, -1,  17
736617,20161015,    30,  1,  40,    63, -1,  14
736617,20161015,    32,  1,  17,   122, -1,   6
736617,20161015,   118, -1,  17,    35,  1,  16
736617,20161015,    37,  1,  35,    34, -1,  24
736617,20161015,    68, -1,  27,    42,  1,  22
736617,20161015,    52,  1,  27,    29, -1,  21
736617,20161015,    60, -1,  31,    53,  1,  10
736617,20161015,    49,  0,  56,    54,  0,  28
736617,20161015,    57,  1,  18,    47, -1,  14
736617,20161015,    27, -1,  27,    76,  1,  20
736617,20161015,    41, -1,  24,    87,  1,   7
736617,20161015,    93,  1,  42,    25, -1,  27
736617,20161015,    96,  1,  31,   120, -1,  17
736617,20161015,   104,  1,  42,    15, -1,  35
736617,20161015,    98, -1,  26,   108,  1,  25
736617,20161015,    84, -1,  45,   119,  1,  31
736617,20161015,     3, -1,  49,    99,  1,  10
736617,20161015,    95, -1,  17,    75,  1,  10
736617,20161015,    43, -1,  49,    85,  1,  35
736617,20161015,    72, -1,  20,    56,  1,  13
736617,20161015,    74, -1,  54,    59,  1,  40
736617,20161015,     8,  1,  17,    91, -1,   7
736617,20161015,    12,  1,  49,    45, -1,   7
736617,20161015,    39,  1,  38,   107, -1,  31
736617,20161015,    51,  1,  45,    94, -1,  10
736617,20161015,   111,  1,  40,   102, -1,  34
736617,20161015,    70,  0,  45,     1,  0,  40
736617,20161015,    18, -1,  34,    65,  1,  28
736617,20161015,    78,  1,  38,    46, -1,  17
736617,20161015,   114, -1,  14,    86,  1,  13
736617,20161015,   100,  1,  27,    44, -1,   6
736617,20161015,   125, -1,  48,   103,  1,  17
736617,20161015,   105,  1,  31,    36, -1,  21
736617,20161015,     7,  1,  34,    61, -1,  30
736617,20161015,   127, -1,  44,    64,  1,  43
736617,20161015,    13,  1,  28,    24, -1,  23
736617,20161015,    23,  1,  40,     6, -1,  16
736617,20161015,   113, -1,  48,     5,  1,  14
736617,20161015,    40,  1,  55,    71, -1,  23
736617,20161015,   124,  1,  27,   109, -1,  21
736617,20161015,   115, -1,  19,    82,  1,  14
736617,20161015,   112, -1,  41,    38,  1,  38
736617,20161015,    77, -1,  30,   126,  1,  23
736617,20161015,    89,  1,  14,    69, -1,  10
736622,20161020,   120,  1,  37,    56, -1,  16
736622,20161020,   105, -1,  28,    91,  1,  21
736622,20161020,    13,  1,  28,    17, -1,  27
736623,20161021,    98,  1,  46,    93, -1,  30
736623,20161021,    19,  1,  52,    81, -1,  49
736623,20161021,    88,  1,  42,    89, -1,   3
736624,20161022,     4,  1,  37,    40, -1,  19
736624,20161022,    73, -1,  35,     9,  1,  18
736624,20161022,     2, -1,  35,    11,  1,  25
736624,20161022,    96, -1,  28,    14,  1,  20
736624,20161022,    57, -1,  40,    15,  1,  26
736624,20161022,    21,  1,  31,    28, -1,  19
736624,20161022,   108, -1,  24,    25,  1,  16
736624,20161022,    49, -1,  44,    31,  1,  24
736624,20161022,    76, -1,  14,    47,  1,  10
736624,20161022,    48,  1,  40,    62, -1,  38
736624,20161022,    50,  1,  54,    67, -1,  13
736624,20161022,    20, -1,  27,    52,  1,  24
736624,20161022,    58,  1,  41,    41, -1,   8
736624,20161022,    92,  1,  34,    54, -1,  28
736624,20161022,   104,  1,  31,    18, -1,  17
736624,20161022,   121,  1,  45,    27, -1,  31
736624,20161022,    53,  1,  28,    59, -1,  17
736624,20161022,   125,  1,  34,    97, -1,  10
736624,20161022,    72, -1,  35,   119,  1,  14
736624,20161022,     3,  1,  33,   101, -1,  14
736624,20161022,    10,  1,  56,     7, -1,   3
736624,20161022,    46,  1,  24,   100, -1,  21
736624,20161022,    60,  1,  34,    87, -1,  32
736624,20161022,    64, -1,  51,    63,  1,  45
736624,20161022,    68,  1,  27,    85, -1,  14
736624,20161022,    65,  1,  44,    16, -1,   7
736624,20161022,    74,  1,  24,    42, -1,  14
736624,20161022,   110, -1,  27,   102,  1,   3
736624,20161022,   107,  1,  50,   106, -1,  27
736624,20161022,   117, -1,  52,   114,  1,  49
736624,20161022,   127,  1,  59,    80, -1,  24
736624,20161022,    78, -1,  66,   103,  1,  59
736624,20161022,    90,  1,  38,    39, -1,  16
736624,20161022,    51,  1,  38,    61, -1,  21
736624,20161022,    79, -1,  44,    45,  1,  20
736624,20161022,   126, -1,  17,    43,  1,   9
736624,20161022,    38, -1,  34,     1,  1,  27
736624,20161022,    70,  1,  59,   111, -1,  17
736624,20161022,    34, -1,  22,    71,  1,  19
736624,20161022,   124, -1,  37,     6,  1,  32
736624,20161022,   128, -1,  42,    69,  1,  34
736624,20161022,    23, -1,  10,    95,  1,   5
736624,20161022,    24, -1,  42,   112,  1,  23
736624,20161022,   123,  1,  41,    82, -1,  17
736624,20161022,   115, -1,  52,   109,  1,  45
736624,20161022,    66,  1,  42,    55, -1,  28
736624,20161022,    83,  1,  24,    77, -1,  21
736624,20161022,   116,  1,  38,    33, -1,  20
736629,20161027,    16,  1,  41,     2, -1,  20
736629,20161027,   120, -1,  39,    84,  1,  36
736629,20161027,    76, -1,  31,   104,  1,  26
736629,20161027,   113,  1,  45,    19, -1,  24
736629,20161027,     4, -1,  34,    34,  1,  10
736630,20161028,    93,  1,  52,    66, -1,  45
736630,20161028,    88, -1,  40,   116,  1,  13
736630,20161028,     1, -1,  31,    33,  1,  21
736631,20161029,    47, -1,  27,    18,  1,  24
736631,20161029,    28,  1,  41,    25, -1,   3
736631,20161029,    57, -1,  28,    27,  1,  15
736631,20161029,    64, -1,  42,    31,  1,  35
736631,20161029,    30,  0,  24,    35,  0,  10
736631,20161029,    37,  1,  38,    26, -1,  35
736631,20161029,    42,  1,  42,    53, -1,  36
736631,20161029,    14, -1,  21,    67,  1,  14
736631,20161029,    75,  1,  30,    56, -1,  27
736631,20161029,    83, -1,  62,    85,  1,  24
736631,20161029,    98,  1,  34,    21, -1,  13
736631,20161029,    50, -1,  32,   119,  1,  25
736631,20161029,     9, -1,  21,   122,  1,  13
736631,20161029,    22, -1,  37,    32,  1,  34
736631,20161029,    58, -1,  32,    59,  1,  23
736631,20161029,    92,  1,  24,    99, -1,  21
736631,20161029,   127, -1,  52,    29,  1,   3
736631,20161029,     8,  1,  51,   111, -1,  10
736631,20161029,    39,  1,  31,   108, -1,  24
736631,20161029,    60, -1,  40,    41,  1,  17
736631,20161029,    46, -1,  31,    44,  1,  26
736631,20161029,    49,  1,  61,    86, -1,  16
736631,20161029,   107, -1,  59,    55,  1,  30
736631,20161029,    48, -1,  35,    63,  1,  21
736631,20161029,    78,  1,  56,    45, -1,   3
736631,20161029,    79,  1,  37,   125, -1,  20
736631,20161029,    10, -1,  40,    61,  1,  29
736631,20161029,    91,  1,  13,    36, -1,  10
736631,20161029,    94,  1,  24,    52, -1,  14
736631,20161029,   103, -1,  27,    97,  1,  24
736631,20161029,   101,  1,  52,    71, -1,  10
736631,20161029,    90, -1,  35,   106,  1,  31
736631,20161029,   114,  1,  31,    73, -1,  17
736631,20161029,   126,  1,  23,    68, -1,  17
736631,20161029,   100,  1,  35,    12, -1,  34
736631,20161029,    80, -1,  31,   117,  1,  21
736631,20161029,   123, -1,  31,   115,  1,  24
736631,20161029,    81,  1,  54,     6, -1,  35
736631,20161029,   124, -1,  35,    82,  1,  31
736631,20161029,    95, -1,  34,     5,  1,  10
736631,20161029,    77,  1,  24,    74, -1,  20
736631,20161029,    70, -1,  28,    38,  1,  21
736631,20161029,   128,  1,  30,    13, -1,  28
736631,20161029,    89,  1,  30,   112, -1,  24
736634,20161101,   121, -1,  52,    11,  1,  20
736634,20161101,    65,  1,  45,    15, -1,  20
736635,20161102,   104, -1,  48,     2,  1,  17
736636,20161103,    76,  1,  34,    16, -1,  10
736636,20161103,    78, -1,  34,    44,  1,  24
736636,20161103,    23,  1,  20,   109, -1,  10
736636,20161103,     8, -1,  31,    36,  1,  16
736637,20161104,    98, -1,  21,    25,  1,   0
736637,20161104,    57,  1,  37,    18, -1,  17
736637,20161104,    13,  1,  45,    89, -1,  31
736638,20161105,   108,  1,  37,   106, -1,   6
736638,20161105,     4,  1,  35,   102, -1,  10
736638,20161105,     1, -1,  31,     9,  1,  12
736638,20161105,    50, -1,  52,    14,  1,   7
736638,20161105,    17, -1,  20,    21,  1,   3
736638,20161105,    22,  1,  54,    96, -1,   0
736638,20161105,   120, -1,  24,    26,  1,  21
736638,20161105,    35, -1,  27,    48,  1,  24
736638,20161105,    56,  1,  51,    84, -1,  28
736638,20161105,    58,  1,  59,    53, -1,   3
736638,20161105,    72,  1,  48,    37, -1,  20
736638,20161105,    80,  1,  38,    52, -1,  14
736638,20161105,    42, -1,  33,    87,  1,  27
736638,20161105,    92,  1,  31,    63, -1,  21
736638,20161105,   122,  1,  27,   119, -1,  20
736638,20161105,   125,  1,  48,    45, -1,  21
736638,20161105,    83,  1,  41,    43, -1,  14
736638,20161105,    66,  0,  28,    75,  0,  27
736638,20161105,    32, -1,  24,    67,  1,  20
736638,20161105,    10,  1,  23,   118, -1,  16
736638,20161105,    40, -1,  23,   110,  1,  13
736638,20161105,   111,  1,  42,    91, -1,  35
736638,20161105,   114, -1,  45,    64,  1,  25
736638,20161105,    60,  1,  44,    85, -1,  31
736638,20161105,    62,  1,  35,   101, -1,  28
736638,20161105,    49, -1,  45,    73,  1,  24
736638,20161105,    61,  1,  37,    34, -1,  27
736638,20161105,    29, -1,  42,    86,  1,  25
736638,20161105,    55, -1,  51,    90,  1,   7
736638,20161105,    20, -1,  38,    94,  1,  27
736638,20161105,   100, -1,  45,   103,  1,  37
736638,20161105,   105,  1,  52,    54, -1,  31
736638,20161105,   107,  1,  45,    28, -1,  24
736638,20161105,   127,  1,  49,    31, -1,  21
736638,20161105,     3, -1,  10,    51,  1,   0
736638,20161105,    41,  1,  31,    59, -1,  27
736638,20161105,    97, -1,  62,    12,  1,  22
736638,20161105,    79, -1,  43,    46,  1,  37
736638,20161105,   126, -1,  21,    74,  1,   7
736638,20161105,     7,  1,  31,    30, -1,  10
736638,20161105,    24,  1,  37,    33, -1,   0
736638,20161105,    70,  1,  35,    69, -1,  26
736638,20161105,   128,  1,  52,   116, -1,  28
736638,20161105,   123, -1,  66,    19,  1,  27
736638,20161105,    95,  1,  26,    82, -1,  15
736638,20161105,   124,  1,  69,     5, -1,   7
736638,20161105,   113,  1,  45,    81, -1,  20
736638,20161105,    88,  1,  55,    38, -1,   0
736638,20161105,    77,  1,  62,    68, -1,   3
736641,20161108,    27, -1,  48,    11,  1,  41
736641,20161108,   121, -1,  37,    47,  1,  21
736642,20161109,    15, -1,  38,     2,  1,  28
736642,20161109,   104, -1,  31,    65,  1,  24
736643,20161110,    26,  1,  28,    72, -1,  27
736643,20161110,   115, -1,  49,     6,  1,  26
736643,20161110,   110, -1,  33,    34,  1,  26
736644,20161111,    32,  1,  45,    14, -1,   7
736645,20161112,    57, -1,  35,    16,  1,  24
736645,20161112,    86, -1,  22,    20,  1,  21
736645,20161112,    84, -1,  43,    22,  1,  42
736645,20161112,    90, -1,  55,    28,  1,  31
736645,20161112,    30,  1,  20,    92, -1,   7
736645,20161112,    29,  1,  35,   117, -1,  31
736645,20161112,    35,  1,  13,    10, -1,   7
736645,20161112,   111, -1,  37,    36,  1,  23
736645,20161112,    83, -1,  45,    42,  1,  31
736645,20161112,    50,  1,  44,   122, -1,  12
736645,20161112,    52,  1,  42,    64, -1,  17
736645,20161112,    59,  1,  49,    87, -1,   0
736645,20161112,    66,  1,  42,   107, -1,  40
736645,20161112,    67, -1,  35,    96,  1,  20
736645,20161112,    99,  1,  49,    48, -1,  36
736645,20161112,   108,  1,  24,    21, -1,   3
736645,20161112,    56, -1,  34,   119,  1,  14
736645,20161112,    37, -1,  30,   120,  1,  20
736645,20161112,    77, -1,  62,    53,  1,   3
736645,20161112,    74, -1,  45,    85,  1,  17
736645,20161112,     3,  1,  51,    62, -1,   3
736645,20161112,     8,  1,  41,    71, -1,  22
736645,20161112,    39,  1,  30,   106, -1,  18
736645,20161112,    44, -1,  31,    45,  1,  24
736645,20161112,    49,  1,  63,   114, -1,  35
736645,20161112,    93, -1,  49,    55,  1,  42
736645,20161112,    63,  1,  26,   118, -1,  17
736645,20161112,    68,  1,  24,    60, -1,  17
736645,20161112,    75,  0,  44,     9,  0,   6
736645,20161112,    79,  1,  45,   103, -1,  44
736645,20161112,    80,  1,  51,    94, -1,  35
736645,20161112,   125, -1,  24,   100,  1,  20
736645,20161112,    40, -1,  47,   102,  1,  14
736645,20161112,   105,  1,  28,     4, -1,  24
736645,20161112,   127,  1,  45,    73, -1,   7
736645,20161112,   126,  1,  48,    41, -1,   3
736645,20161112,    61, -1,  29,   101,  1,  28
736645,20161112,    78,  1,  45,    12, -1,  24
736645,20161112,    51, -1,  38,     7,  1,  10
736645,20161112,     1,  1,  49,    24, -1,  46
736645,20161112,    23, -1,  49,     5,  1,  24
736645,20161112,    70, -1,  24,   116,  1,  21
736645,20161112,   109,  1,  38,    82, -1,  24
736645,20161112,   112,  1,  69,   128, -1,  66
736645,20161112,   113, -1,  26,   123,  1,  13
736645,20161112,   124,  1,  56,    19, -1,  21
736645,20161112,    95, -1,  52,    81,  1,  27
736645,20161112,    13, -1,  52,    38,  1,  16
736645,20161112,    43,  1,  14,    58, -1,  13
736645,20161112,    88, -1,  46,    69,  1,  16
736648,20161115,    15,  1,  42,    47, -1,   7
736648,20161115,    18,  1,  27,    76, -1,  20
736649,20161116,    65, -1,  31,    27,  1,  24
736649,20161116,   104,  1,  37,    11, -1,  19
736650,20161117,    39,  1,  36,    50, -1,  10
736650,20161117,     8, -1,  35,   105,  1,   3
736651,20161118,    55, -1,  34,    21,  1,   7
736651,20161118,    13,  1,  42,   112, -1,  25
736652,20161119,    30, -1,  16,    51,  1,  10
736652,20161119,    66, -1,  66,    28,  1,  31
736652,20161119,     4,  1,  42,   111, -1,  17
736652,20161119,    14,  1,  30,    25, -1,   0
736652,20161119,    64, -1,  38,    20,  1,  31
736652,20161119,    31,  1,  31,    52, -1,  14
736652,20161119,    80, -1,  42,    29,  1,  24
736652,20161119,    35,  1,  35,   110, -1,  21
736652,20161119,    36,  1,  30,    34, -1,  24
736652,20161119,    37,  1,  31,   119, -1,  17
736652,20161119,    58,  1,  20,    42, -1,  10
736652,20161119,    56, -1,  27,    67,  1,  13
736652,20161119,   120, -1,  34,    75,  1,  31
736652,20161119,    84,  1,  56,    26, -1,  14
736652,20161119,    83, -1,  39,    87,  1,   0
736652,20161119,    99,  1,  63,    63, -1,  37
736652,20161119,   107, -1,  35,   108,  1,  20
736652,20161119,   121,  1,  38,    16, -1,   0
736652,20161119,    22, -1,  35,   122,  1,  13
736652,20161119,    77, -1,  17,    59,  1,  16
736652,20161119,    78, -1,  56,   125,  1,  28
736652,20161119,    32, -1,  45,    96,  1,  14
736652,20161119,   126, -1,  49,    85,  1,  20
736652,20161119,    46, -1,  42,    12,  1,  21
736652,20161119,    44,  1,  66,   103, -1,  10
736652,20161119,    45,  1,  24,   100, -1,  21
736652,20161119,     7, -1,  58,    62,  1,  42
736652,20161119,    68,  1,  28,    53, -1,   7
736652,20161119,    73,  1,  29,    94, -1,  23
736652,20161119,    86,  1,  44,   117, -1,  24
736652,20161119,    93, -1,  35,    90,  1,  27
736652,20161119,   101,  1,  23,   114, -1,  10
736652,20161119,    98, -1,  31,   106,  1,   0
736652,20161119,    43, -1,  28,    41,  1,   0
736652,20161119,   118,  1,  38,    61, -1,  17
736652,20161119,    79, -1,  31,    97,  1,   6
736652,20161119,    60,  1,  29,    74, -1,  12
736652,20161119,    17,  1,  51,    54, -1,   9
736652,20161119,    23,  1,  38,   124, -1,  24
736652,20161119,    24,  1,  49,    70, -1,  31
736652,20161119,    71,  1,  50,   102, -1,  10
736652,20161119,    81, -1,  30,   115,  1,  28
736652,20161119,    38, -1,  14,    33,  1,  13
736652,20161119,    69,  1,  38,   116, -1,  37
736652,20161119,    82,  1,  42,     5, -1,  17
736652,20161119,   113, -1,  36,   109,  1,  14
736652,20161119,   123,  1,  44,     6, -1,  18
736652,20161119,    95, -1,  45,    19,  1,  31
736652,20161119,   128,  1,  34,    88, -1,  33
736652,20161119,     1, -1,  41,    89,  1,  38
736655,20161122,    27,  1,  26,    18, -1,  21
736655,20161122,    57,  1,  21,    11, -1,  20
736655,20161122,    76,  1,   9,     2, -1,   3
736657,20161124,    51, -1,  54,   101,  1,  39
736658,20161125,    15,  1,  27,    16, -1,  19
736658,20161125,    65, -1,  31,    47,  1,  21
736658,20161125,    67, -1,  28,    72,  1,  21
736658,20161125,   121,  1,  55,   104, -1,  35
736658,20161125,    43,  1,  40,    68, -1,  10
736658,20161125,   107,  1,  40,    21, -1,  37
736658,20161125,    97, -1,  31,   100,  1,   9
736658,20161125,    55,  1,  48,    39, -1,  44
736658,20161125,   103,  0,  54,    12,  0,  35
736658,20161125,     5,  1,  56,     6, -1,  35
736658,20161125,   123, -1,  45,   124,  1,  17
736658,20161125,     1,  1,  27,    13, -1,  20
736658,20161125,    63,  1,  28,     7, -1,  24
736658,20161125,    94,  1,  39,    49, -1,  24
736659,20161126,    22,  1,  56,    92, -1,   7
736659,20161126,   106, -1,  38,    25,  1,  13
736659,20161126,    37, -1,  28,    35,  1,  27
736659,20161126,    42,  1,  26,    85, -1,  24
736659,20161126,    48, -1,  41,    50,  1,  38
736659,20161126,    53,  1,  31,    87, -1,  13
736659,20161126,    56,  1,  40,    26, -1,  21
736659,20161126,    80,  1,  42,    31, -1,  28
736659,20161126,    84,  1,  76,    96, -1,  61
736659,20161126,    93,  1,  48,   108, -1,  31
736659,20161126,    98,  1,  37,    28, -1,  10
736659,20161126,   120,  1,  52,   119, -1,  10
736659,20161126,    14, -1,  17,   122,  1,  14
736659,20161126,    83,  1,  45,    59, -1,  12
736659,20161126,    77,  1,  30,    58, -1,  27
736659,20161126,   127, -1,  60,    52,  1,   6
736659,20161126,    32,  1,  31,    30, -1,  13
736659,20161126,     3,  1,  30,    10, -1,  12
736659,20161126,   125, -1,  49,    44,  1,  19
736659,20161126,    46,  1,  34,    45, -1,  19
736659,20161126,   110,  1,  24,     8, -1,  19
736659,20161126,    64,  1,  77,    29, -1,  56
736659,20161126,    74,  1,  42,    41, -1,  21
736659,20161126,    62, -1,  55,    61,  1,  20
736659,20161126,   105, -1,  40,   102,  1,   7
736659,20161126,   114,  1,  33,    20, -1,  14
736659,20161126,   126,  1,  31,    60, -1,  17
736659,20161126,    66, -1,  75,    90,  1,  31
736659,20161126,   118,  1,  45,    99, -1,  34
736659,20161126,    17,  1,  28,   116, -1,  10
736659,20161126,    70,  1,  56,   128, -1,  35
736659,20161126,     4, -1,  37,    71,  1,   7
736659,20161126,   117,  1,  52,    73, -1,  24
736659,20161126,    23,  1,  27,   115, -1,  22
736659,20161126,    19,  1,  36,   109, -1,  10
736659,20161126,    40,  1,  38,    91, -1,  31
736659,20161126,    95,  1,  41,    86, -1,  17
736659,20161126,    69, -1,  45,   112,  1,  10
736659,20161126,   113,  1,  45,    75, -1,  27
736659,20161126,    82,  1,  34,    81, -1,  24
736659,20161126,    89, -1,  16,    33,  1,  14
736659,20161126,    38,  1,  46,    54, -1,  40
736659,20161126,    24, -1,  63,    88,  1,  31
736665,20161202,   121,  0,  29,    76,  0,  23
736665,20161202,   123,  0,  41,    23,  0,  10
736666,20161203,    34,  1,  28,   105, -1,  24
736666,20161203,   125,  1,  24,    12, -1,  21
736666,20161203,   110, -1,  30,   111,  1,   3
736666,20161203,    91,  1,  35,    71, -1,  28
736666,20161203,    46, -1,  30,    97,  1,   6
736666,20161203,     8, -1,  36,   102,  1,  14
736666,20161203,    78,  1,  38,    79, -1,  20
736666,20161203,    40,  1,  37,    36, -1,  12
736666,20161203,    98, -1,  34,    66,  1,  10
736666,20161203,   127,  1,  58,    49, -1,  44
736666,20161203,     3,  0,  54,    30,  0,  16
736666,20161203,    22,  0,  42,   120,  0,  35
736666,20161203,    83,  0,  38,   126,  0,  31
736666,20161203,    88, -1,  27,   128,  1,  24
736673,20161210,     9,  0,  21,    66,  0,  17
736680,20161217,    70,  1,  23,   114, -1,  20
736680,20161217,    88,  0,  34,    39,  0,  10
736680,20161217,     8, -1,  31,   108,  1,  13
736680,20161217,     4,  0,  31,   104,  0,  28
736680,20161217,    94,  0,  28,   110,  0,  21
736682,20161219,   107,  0,  55,    18,  0,  10
736683,20161220,   127,  0,  51,    55,  0,  31
736684,20161221,    17,  0,  24,   128,  0,  21
736685,20161222,    40,  1,  61,    24, -1,  50
736686,20161223,    80,  0,  24,    27,  0,  20
736686,20161223,    49,  0,  48,    66,  0,  45
736686,20161223,   105,  0,  28,    76,  0,  23
736687,20161224,    38,  1,  52,    64, -1,  35
736689,20161226,    62,  0,  17,    57,  0,  16
736689,20161226,    14,  0,  36,    53,  0,  30
736689,20161226,    67,  0,  41,   118,  0,  17
736690,20161227,     9,  0,  38,    73,  0,  31
736690,20161227,   122,  0,  34,    98,  0,  26
736690,20161227,    60,  0,  17,   124,  0,  12
736690,20161227,    12,  0,  31,    13,  0,  12
736691,20161228,    74,  0,  31,    84,  0,  24
736691,20161228,    56,  0,  31,   125,  0,  14
736691,20161228,   115,  0,  26,    42,  0,  24
736691,20161228,    46, -1,  33,   101,  1,  28
736692,20161229,    93,  0,  46,    92,  0,  39
736692,20161229,   120,  0,  35,     7,  0,  24
736692,20161229,    79,  0,  38,    23,  0,   8
736693,20161230,    35,  0,  31,    97,  0,  23
736693,20161230,    95,  0,  25,    72,  0,  23
736693,20161230,    99,  1,  38,    68, -1,  24
736693,20161230,     1,  0,  45,    91,  0,  21
736693,20161230,    32,  0,  33,    58,  0,  32
736694,20161231,    37,  0,  33,    48,  0,  18
736694,20161231,    51,  0,  29,    50,  0,   9
736694,20161231,     3,  0,  24,   123,  0,   7
736694,20161231,    22,  0,  31,    77,  0,   0
736696,20170102,   126,  0,  24,   121,  0,  16
736696,20170102,    30,  0,  30,    43,  0,   3
736696,20170102,   113,  1,  52,    83, -1,  49
736696,20170102,    78,  0,  35,    10,  0,  19
736703,20170109,    22,  0,  35,     3,  0,  31
